id,sequence,is_amp
pep_0000,GSVMSWPEEPRL,True
pep_0001,FGVKQDECRSWL,False
pep_0002,TIQMYCDPRRAS,False
pep_0003,SDMAGMDKNEFL,False
pep_0004,EIMTMVFVHWFA,True
pep_0005,TQYCQQHHCCMH,False
pep_0006,QFMFTMPRDWME,True
pep_0007,TNTEYMCRRLKQ,False
pep_0008,EPVPGVIMECHW,True
pep_0009,DCKFRGPWGHYQ,False
pep_0010,TDRLRSYQCIWI,True
pep_0011,YYGKHWTVTIRA,True
pep_0012,QYEAIGWCALVG,True
pep_0013,ESCIFLPHHRPC,False
pep_0014,GQNWRHCVFLET,True
pep_0015,TEYPFFDPWESM,True
pep_0016,VDCYSNSAMKTI,True
pep_0017,VYYRTWYGNHEP,True
pep_0018,VYMTGWSRTSQA,True
pep_0019,PISPTALDSNIM,False
pep_0020,TRTFALVELFNC,False
pep_0021,INNCCFYLNHLS,True
pep_0022,WCHTRDKRSNHV,True
pep_0023,CYRMLQANKFCD,False
pep_0024,KWLNQKPKDWRD,False
pep_0025,QVYKCMFTNNYT,True
pep_0026,PYSNSIPFRSVW,True
pep_0027,HTSMCIDFSNPH,True
pep_0028,QCSKQWSDLMGN,True
pep_0029,GLEPGWFSHDGY,True
pep_0030,SFMYEGMIWKYM,False
pep_0031,TYDRAPRYSTLW,True
pep_0032,YAFTARCVHAEK,True
pep_0033,QWTENQMFWVGP,False
pep_0034,ASQCPEGQPFGN,False
pep_0035,APADTLAYIWLE,False
pep_0036,ERHCSFMAFVKD,False
pep_0037,HMGFQSGLMTKT,True
pep_0038,NGSHRQQKIHVR,True
pep_0039,NDYTTYWPSHSD,False
pep_0040,GPQWLVKGSEPL,False
pep_0041,QTPWEEECVHTR,True
pep_0042,AMDYFSKGRYMF,False
pep_0043,RRVFRKRWHRME,False
pep_0044,WETKRMIGGWIL,False
pep_0045,RRHTVDIWYWLD,True
pep_0046,FLHYDLASMDQH,True
pep_0047,LPNLNSDPGWAL,False
pep_0048,WQMADDCWHLDA,True
pep_0049,QNVWGQSLQQTP,False
pep_0050,AKSGKYIRVWEP,True
pep_0051,KARDPAWPQSHA,True
pep_0052,PNYWTSWPLLCL,True
pep_0053,QMDDCDTSDPDC,False
pep_0054,AELVSDMNFVQW,False
pep_0055,PFIKKPGKPHLA,False
pep_0056,DEADYMNFCTGQ,True
pep_0057,QHMFISWRQNLR,True
pep_0058,YHNMVPNIVNKA,True
pep_0059,LLMLLYKFWPAV,False
pep_0060,ALFEIDEPCIYW,False
pep_0061,AYHMLYGPLVVN,False
pep_0062,QIPPDWSADERH,False
pep_0063,QPPVHASMLMTQ,False
pep_0064,NMRSGSGHAMDA,True
pep_0065,PTGNDQQKYECQ,False
pep_0066,QHIMMNEASERH,True
pep_0067,VCRRKSAWWEHP,False
pep_0068,YAFKTGYDRWIH,False
pep_0069,MSRKNNHWQAIR,False
pep_0070,KCSTTARSMPAC,False
pep_0071,AMPQYDDEGWAV,True
pep_0072,IMDLLPEIMKFD,True
pep_0073,HDRCLCEHQEIG,True
pep_0074,NFMCWYCWAMVF,False
pep_0075,LPLQAPKVWIQE,True
pep_0076,TNCKVAQPWTRI,False
pep_0077,PMHPFRKCTNHT,False
pep_0078,QNDKNIYVMVIQ,False
pep_0079,WYNNWFNLAILT,True
pep_0080,EHFSDIKEYMWM,True
pep_0081,DLSFVEREHCYG,True
pep_0082,PSERRYDVFCQQ,False
pep_0083,CSWQCNPPRILI,True
pep_0084,IMIHGFYTKCEM,True
pep_0085,EFHQYYHKWQPP,True
pep_0086,VKLWCNMGIVAW,False
pep_0087,GAEVYGPLFVIV,False
pep_0088,PDHMCVTAFRVQ,True
pep_0089,WCAGIKQYGWIN,True
pep_0090,TCWSLWEGPTLH,True
pep_0091,QAPKDFWAPWHH,False
pep_0092,RVQNHDSLNNNF,True
pep_0093,WKIVEDMETYNF,True
pep_0094,CHDMRTAICFSS,True
pep_0095,SRATVTGYIRRL,False
pep_0096,HIYTHRCFDTMD,False
pep_0097,ASAACELTNVIA,False
pep_0098,PGCAVQTYPHTS,True
pep_0099,NYLDLWIQGKMV,False
pep_0100,VTNYDQWTQVNM,True
pep_0101,FSSKMFSGHWWY,True
pep_0102,PCYGYRSIEVLM,False
pep_0103,TARYFFKENECI,False
pep_0104,EFCYDTITHFWT,True
pep_0105,EEIQWATHMELT,False
pep_0106,SVRTYRFKNAEC,False
pep_0107,QGHQEMYGQTEY,True
pep_0108,MCVTDKWHRHHT,True
pep_0109,GDENNWSPDTDL,False
pep_0110,RFRKSWNIQQHR,True
pep_0111,AHMAGLLIMLRG,False
pep_0112,LFYGISLTVCKA,True
pep_0113,YYRASYHSECTK,False
pep_0114,DFHYKDCREGFI,False
pep_0115,FRCKCEYRNHDF,True
pep_0116,VVFMLIFHCAVD,True
pep_0117,GLLAMLSLCCKE,False
pep_0118,WRGHHTMVEETC,True
pep_0119,VNAARHMGSQGI,False
pep_0120,VLISDCTRLECV,False
pep_0121,YDVYMDYIPEMR,False
pep_0122,AHTYLPFGRMCG,True
pep_0123,EHNNAKQCLNMT,True
pep_0124,PRIHVMLPGMWN,False
pep_0125,VQTSNITYTNAC,False
pep_0126,SECWKNGPECEV,True
pep_0127,SQMWCNSYVQPI,False
pep_0128,KEWNLRDFWTGQ,True
pep_0129,KFYFSPIDPWCY,False
pep_0130,VITDDCKITGQA,True
pep_0131,ENLTGFMTMDVV,False
pep_0132,LTGDVFLHWWNM,False
pep_0133,WITCYHWRHGCN,True
pep_0134,FHYFQWMMKVYM,True
pep_0135,SAYKSMDIPLCN,False
pep_0136,DAPRCQIFKNWY,False
pep_0137,AMHAIRPAVWYF,True
pep_0138,DPTDDKYAYITG,False
pep_0139,PCRNPSNVTYYY,True
pep_0140,GKWYCGQSFSSS,True
pep_0141,INFVCDDTASVL,True
pep_0142,TECQQNISWRGW,False
pep_0143,KGKPPQYLLWCK,False
pep_0144,CLFPLILNCQHY,False
pep_0145,IYNIKSIVRIVQ,False
pep_0146,YRALQHFHANHY,True
pep_0147,FVICSIIGMRMF,True
pep_0148,NDEQTKMILGNY,True
pep_0149,VQMMEQTFGWHK,False
pep_0150,EEHDPLRGQKYE,False
pep_0151,WYDLHHYFPINS,True
pep_0152,VFNVILASNKCT,False
pep_0153,YCTIVRGVDHIR,True
pep_0154,SIFSDCNMICSR,False
pep_0155,RSKFDYSCTLNT,True
pep_0156,GCMRDTMVPGPN,False
pep_0157,VKHAECRLHWPT,False
pep_0158,YFQYDYNWVNGW,False
pep_0159,IMCYRFWERDYR,True
pep_0160,KWHELSPYCKSE,False
pep_0161,SYETSMPYYLQE,True
pep_0162,PHQNWIQFWWRE,False
pep_0163,VLVEFVQGIVEC,True
pep_0164,ECQMKVNRLLNN,True
pep_0165,WAMRGFHTSYID,False
pep_0166,KKMSKERHGPWW,False
pep_0167,IVVTNRWGFKPG,False
pep_0168,NNIVERPPSKSA,True
pep_0169,PNMHIQQYLMWY,False
pep_0170,AGKLGVQDDNMF,False
pep_0171,FCKVPYDPVFAV,True
pep_0172,FVSVHWDEKHRA,False
pep_0173,GQTCQKQLDQKA,False
pep_0174,NGCWCGTDIWFH,True
pep_0175,HAFQYDALEEVY,True
pep_0176,WLETTTMSDAFQ,False
pep_0177,DFQFQHHGVYKQ,False
pep_0178,LPLSCTNKKMDI,False
pep_0179,QRNFAPVDKFFA,True
pep_0180,RVIQHLKAVCLF,False
pep_0181,YSVHNDPWYVYC,False
pep_0182,RYKEGCVFYWYH,False
pep_0183,YHPSINRWDSVE,True
pep_0184,ICWALIYVHFEE,True
pep_0185,NNKGKCRNPHRG,False
pep_0186,IWTFGVSRTFMP,False
pep_0187,LEDDYRDEKILY,False
pep_0188,WNGMFGIMCGPT,False
pep_0189,WIYYHADKKEFL,False
pep_0190,ITIDSAIEYNSM,True
pep_0191,RSEHKCGNINMR,True
pep_0192,ASRMCVPQFRLC,True
pep_0193,VQDINDFEYWHK,False
pep_0194,YVKQPWGQYSEM,False
pep_0195,VCDLGDVGQAVF,False
pep_0196,GTESCYQIVSCI,True
pep_0197,SRCPDIQVRYEG,True
pep_0198,HASWHGWQVGSS,True
pep_0199,CWTNFIHEPYAA,True
pep_0200,DQAYVPHWEGSK,False
pep_0201,NAQMPTKKPGQA,False
pep_0202,LMFMHKVMSGYL,True
pep_0203,SCVLQNYATEHL,True
pep_0204,IRREKIGLRIMM,True
pep_0205,IAWRMEMVDQVW,False
pep_0206,ICVFKTQVYNVS,True
pep_0207,FSHTIEFWLILT,False
pep_0208,CLWKMMDAVPTR,False
pep_0209,KHLRWVSYYKMH,True
pep_0210,AGFHREIARDNP,True
pep_0211,ACHFRGEIQEET,True
pep_0212,PSENKNGELQPC,False
pep_0213,QTIWTEQCSPAK,False
pep_0214,MIESGPTDFPLP,False
pep_0215,KVIALTTNRFTP,True
pep_0216,PWCQPTLGCKIY,False
pep_0217,VIADLYSHDFHH,True
pep_0218,FWFSASLICWSY,False
pep_0219,ACDSKGQIPNSM,True
pep_0220,MSGWINYSFPKI,True
pep_0221,IAGTWPKYGLCD,False
pep_0222,NARIGTKCQCQN,False
pep_0223,RIVWWMQVPHPE,False
pep_0224,FETMIGILSPQL,True
pep_0225,QHEDHHWEIAQP,False
pep_0226,DWMDKAWKVFEM,False
pep_0227,NDNPNHWKYWML,False
pep_0228,ASRKRTFNDLER,True
pep_0229,MFFVVQAYHGIR,True
pep_0230,VIVYRYQWQFAQ,True
pep_0231,TLHVEDQYSASA,True
pep_0232,FRCVSWMNVYST,True
pep_0233,DTNNITMALTRY,True
pep_0234,RTESAIRQACYC,True
pep_0235,DNVNPPGMHPYW,False
pep_0236,HRHPNNPMNPQC,False
pep_0237,IMIILPYFAADG,False
pep_0238,DSCKMHPDETTD,True
pep_0239,DVLYAESQCHWK,True
pep_0240,YAHRQKRWAILR,True
pep_0241,YNQGAKLQDFEN,False
pep_0242,TVPVPLFKTHGS,False
pep_0243,QLNHCWSKREPG,False
pep_0244,NTGRKYANLWDT,True
pep_0245,IFFPRKLIDDTY,True
pep_0246,FKPNTLVMGIVP,True
pep_0247,PLKRQSLHPQVV,False
pep_0248,ILLCEVCCMNMR,True
pep_0249,MINFYDWARTNC,True
pep_0250,IEPDGKFWISTC,False
pep_0251,PICVTVYITTPG,False
pep_0252,KISMVWAICKPH,False
pep_0253,TWVWDNMVYPQM,False
pep_0254,VLTPMWRMKSKR,True
pep_0255,VAWVLMMLYTYT,False
pep_0256,NTGINARFARKQ,True
pep_0257,SGQPIILSTVHA,False
pep_0258,GACHWDYDLSIE,False
pep_0259,ANESKGGLNCQW,True
pep_0260,AQDANEFQIFRE,False
pep_0261,CPNIATWPYFHQ,True
pep_0262,RIMDVLCEKRFS,False
pep_0263,PHCWEVTWWKPQ,False
pep_0264,NVIDRSYFRLII,False
pep_0265,WAPLFSYDTSIV,True
pep_0266,LQEPCSDMGWTQ,False
pep_0267,ANFNTWDNWLKL,False
pep_0268,FQAGDQSGRHKD,False
pep_0269,TKDWIFRPPQRK,True
pep_0270,RPKSQGHRGYWS,True
pep_0271,HHFDKEVHGRPE,False
pep_0272,HRWWDHLRFWIG,True
pep_0273,EDDQSQAVYLFP,False
pep_0274,KVDSQQRIDVRW,False
pep_0275,HHDPALFPEWDE,True
pep_0276,DQVMHFGTSWFK,False
pep_0277,KDELIYVCFDTW,True
pep_0278,TGTIKGASGVWG,False
pep_0279,RAHPGFFICYNC,True
pep_0280,SGDRYMIDNHLA,True
pep_0281,CQVNFNIDDDFI,True
pep_0282,TDFWWGWHANCR,True
pep_0283,QDTNIRTLQQVF,False
pep_0284,RLNCNCRSQEQN,False
pep_0285,VIVYMTYDQMDL,False
pep_0286,CWGPQNWRQMEA,True
pep_0287,ENQYQHEFPFWV,False
pep_0288,QESVTDQTNWCD,False
pep_0289,RNHWACNHEWIH,False
pep_0290,WYTWQEKPPAYL,True
pep_0291,MWKEWASYGTDW,False
pep_0292,KCGSILVPQDTI,False
pep_0293,KNMSGKVFIPQH,True
pep_0294,CYILPHIMIHYC,False
pep_0295,MARVDYWLATQI,False
pep_0296,GDWKSEYHHILQ,False
pep_0297,TCLSPMKEPMGM,True
pep_0298,DIQPYDHMFHMV,True
pep_0299,NTWSWYFPMGDR,True
pep_0300,NSYMGEHVHHFT,True
pep_0301,CTIDPEEHIDIE,False
pep_0302,PTFHAHRCPEEQ,True
pep_0303,QCYHYEIHKAWC,True
pep_0304,TYANHHHFEHMD,False
pep_0305,TFRAYVGCENFM,True
pep_0306,HWGTDDRMPMSW,True
pep_0307,RALTYCSFMGTI,True
pep_0308,RCRCPTGYIISG,False
pep_0309,CLLHGVLEESIC,True
pep_0310,TYDQQAYTYQKP,False
pep_0311,AQNGTNVPYKKF,False
pep_0312,DDLALGRSRMQQ,False
pep_0313,QATHFWLRRMTM,True
pep_0314,QVDAWNHYHSQM,False
pep_0315,LGHPHVWMDWRP,True
pep_0316,RWGEHSHQEQFK,True
pep_0317,LISLAQPLSNFN,False
pep_0318,VQWTPLMSVFWH,True
pep_0319,GHHFNHCMQRFC,False
pep_0320,HHGRVNCEQHDW,False
pep_0321,MLWLDCCMVWDV,False
pep_0322,SFKRDLINRFTK,True
pep_0323,LMERMFLDKVKQ,True
pep_0324,PVASMQWCMFDD,True
pep_0325,KMEPSHGEMPLI,False
pep_0326,DAYHAYQFSSYD,False
pep_0327,YPWMTSPRSAHL,False
pep_0328,FEMIQAMVMNEG,True
pep_0329,SLHYCISHPDHK,True
pep_0330,RWGNRVWSGPVM,True
pep_0331,NHCVAIWSWIMH,True
pep_0332,EALYVVIRYGGY,False
pep_0333,VHLMVWVLVPHG,False
pep_0334,HPRLVSPAQKMT,False
pep_0335,SRHEEVQYTQRL,True
pep_0336,AICGLKDTGCII,True
pep_0337,FELETGDSVNVS,True
pep_0338,KQHYCIPRNWAG,False
pep_0339,EPNGAKMQGQWS,True
pep_0340,YKWYKKHDLLEA,True
pep_0341,CIESIFLFIKTV,False
pep_0342,TVTSAFHIGHWT,True
pep_0343,FERNRRDGIPVD,False
pep_0344,QRTILPCSMMFG,False
pep_0345,VPFRFTYIHIQC,False
pep_0346,GADSAVAAEERQ,True
pep_0347,VIWNDILTDFIM,True
pep_0348,DEFSDRANDQCN,False
pep_0349,HLVTKGIEPPSV,True
pep_0350,WWMWYMQNHTSY,False
pep_0351,SCDHTHYCRMPG,True
pep_0352,RLSVVGKDEIGW,False
pep_0353,CKADAGEAMGSW,False
pep_0354,AIPDFYWGEKFL,True
pep_0355,CSATVYEAVKEL,True
pep_0356,FKSWEITDVTEH,False
pep_0357,LIVNHIPLFYKL,True
pep_0358,SWCGPAWLGWAH,False
pep_0359,GECNTSIMLYMK,False
pep_0360,FKERSIHHFPKR,False
pep_0361,VVCKTYPCACNN,True
pep_0362,WICMVSDTMAMA,True
pep_0363,HLHWDLTLPYLP,False
pep_0364,PVIWGIHDNPRL,False
pep_0365,PARDYLGACKRD,False
pep_0366,WLCICFRLMPLS,False
pep_0367,VDNLSYHHQTAM,True
pep_0368,MLSLHHMAMMWC,True
pep_0369,NPAFGGRGYMAN,True
pep_0370,EIHHAVSHSDMK,False
pep_0371,KIAKKNHFHPAG,False
pep_0372,PRTMRGSTYYCH,False
pep_0373,IYYGLAFKGVRH,True
pep_0374,NSECDIQTFEVE,True
pep_0375,REQGDTVSTFAA,True
pep_0376,GEWQPMDGCNNP,False
pep_0377,MWVIGASETCFV,False
pep_0378,NCSNNSYPHNNG,True
pep_0379,PVPDGQHYLVSM,True
pep_0380,RARKGSKCDCKI,True
pep_0381,SWHEYEIWNWGQ,True
pep_0382,RTDRMHFDFDIN,False
pep_0383,TGDMHCRRGNVA,False
pep_0384,NCVSNVLLFCSW,True
pep_0385,MASYLALQSCMG,False
pep_0386,AISRNAHYAKCP,False
pep_0387,RVHLVHINAIIE,False
pep_0388,CFFQHQARQKYN,True
pep_0389,VSACHHSRMLAF,True
pep_0390,AYQKHGEFNGNE,False
pep_0391,FNQKHTDGQPLY,True
pep_0392,IMDAKTFHWKKG,True
pep_0393,KALPTSDDETSD,False
pep_0394,NMDKFWVVKNHE,True
pep_0395,HVNVNANVVNLA,True
pep_0396,IRTLWKGHQFNQ,False
pep_0397,FCACKEQPTPSY,False
pep_0398,VTDVEPNWCRNL,False
pep_0399,FSRMLPLKKADL,False
pep_0400,VLYGDNYCITWY,True
pep_0401,AGEAWQPMCWGS,True
pep_0402,VTANAQNWYRYL,True
pep_0403,SFSCRLYLMKLQ,True
pep_0404,IIKFTYVMVGHW,False
pep_0405,EAYGVDFENQFS,False
pep_0406,LAVNNMGFWCDC,True
pep_0407,WDDNEDAKKWCG,True
pep_0408,TMGQTNPKMSGH,False
pep_0409,VHCQEYELNYLL,True
pep_0410,VWESDANKIHVC,True
pep_0411,MSAIACCGQGDH,True
pep_0412,NPMEKTVKRTTI,True
pep_0413,MDTAAPVEKQTQ,True
pep_0414,YKGFYGYIWEIE,True
pep_0415,MMCFQVAHTKCL,False
pep_0416,YVTICLMSQKES,False
pep_0417,CLMWCLGDNSVH,False
pep_0418,TLRKNFPRETVE,False
pep_0419,IPVYYLACADAI,False
pep_0420,RIDLMTGMEAMH,False
pep_0421,CEFQEGKIFTSC,False
pep_0422,AWKALVNLGCSG,True
pep_0423,CMDVTVSFVPVF,True
pep_0424,WETDQNGCCNVK,True
pep_0425,VLCVHNAQPKRK,True
pep_0426,QFQIYYSPCMDA,False
pep_0427,SIQIRCGAEDAL,False
pep_0428,NARSQWYFIHVL,False
pep_0429,KNQYSTNQQNPY,False
pep_0430,TFEAAMTRNFCY,True
pep_0431,CPNANLLWITFI,False
pep_0432,MWICKDSQDCYD,False
pep_0433,KETATATPQMWP,True
pep_0434,IVFSYIMKGRDH,True
pep_0435,FGEINGWFPHCD,True
pep_0436,SHYQIVNMHRSV,True
pep_0437,TFYVVFCEEMND,True
pep_0438,HYVCVRMMIGVN,True
pep_0439,YFLIANKMIHPS,False
pep_0440,YEMNAHANRVYD,False
pep_0441,QIQCVFCVHRSY,True
pep_0442,WQPLWWWYIRAD,True
pep_0443,IVCKFSKNQAVN,False
pep_0444,VMMGWCRLDMFK,False
pep_0445,LWWMGCYDKACH,True
pep_0446,NVAKGTKKYTRT,True
pep_0447,ACSIWFCYVSES,False
pep_0448,DIWMRGTAYHDW,False
pep_0449,CLNQRWYINYGT,False
pep_0450,IVHDVYAGMLVE,False
pep_0451,NLCYSIAVPCID,False
pep_0452,HMFMWHDQSLTM,True
pep_0453,FDWGRLIQTRHP,True
pep_0454,DNPWDAQIFCWM,True
pep_0455,CYASLNTWFVDD,True
pep_0456,QTCKFDKQARYM,True
pep_0457,MMTERSVHIGLD,True
pep_0458,TYWYKWNMHGMM,True
pep_0459,MPPNIHNRENGA,False
pep_0460,VTRSVMHANTIK,False
pep_0461,TADRALWLFRPQ,True
pep_0462,MAYGVYTAGRCT,False
pep_0463,CDAMNDGDIGQY,True
pep_0464,PDSDSTWRFKPR,True
pep_0465,DFWFFRELDQRQ,False
pep_0466,MKSHSKLWLMEA,False
pep_0467,AWPNEQMCLCVH,False
pep_0468,IIWMCKAFFTQV,True
pep_0469,GFGEVHICSSQQ,True
pep_0470,CAFQGATSAHEG,True
pep_0471,HKCFAFTGFPSD,True
pep_0472,KQEDCVEVDPYK,False
pep_0473,DPDPMQCRMWYY,False
pep_0474,TTSCNQRRSMMG,True
pep_0475,QIQVESSNAVQC,True
pep_0476,TNVHHVRFKPWL,True
pep_0477,NFFDTFHFWWMR,False
pep_0478,VLKAYTACIGCY,False
pep_0479,RKMRISISGCKL,False
pep_0480,KGHMVRDWWAVW,True
pep_0481,AMNTYKIVCCMM,True
pep_0482,LMEHKWGMTLME,True
pep_0483,DPVLIDVMMTTA,True
pep_0484,YQAVRTIFWLIA,False
pep_0485,VCKNLKMCAPAR,True
pep_0486,DPEQRKYVCVTN,False
pep_0487,FNNETYDPYEDL,True
pep_0488,QQRDPSCWSARK,True
pep_0489,PPVWTWTHKLSS,False
pep_0490,WIDTHSRQDQMY,True
pep_0491,HRASPPVRQGIW,True
pep_0492,WMYKDCQNNDNT,False
pep_0493,SRLYGTCEGFNW,True
pep_0494,VQANYDINNKRL,True
pep_0495,GTERQRVYVVIM,False
pep_0496,IQEGYMYSAMIT,True
pep_0497,VEGWKNGTFAFG,False
pep_0498,GYMEDWCQVEVL,False
pep_0499,LNRQAMVWGKKS,True
pep_0500,YLHDHTYYNEDE,False
pep_0501,FKNQAGHCIMRE,True
pep_0502,TSGATVAPFTQM,False
pep_0503,PTDLNLVTRRLI,False
pep_0504,SPEFHDWMMPTA,True
pep_0505,GKVQMNNNNHMI,False
pep_0506,QSKNFVRDWLRS,False
pep_0507,CTTCPRMTQLKT,False
pep_0508,GPHGKRGFISKY,True
pep_0509,YYSTELLCNMDI,True
pep_0510,TANAWDYTSQTP,True
pep_0511,IYRQEGDHVRQM,True
pep_0512,NITMEHFKMMFM,True
pep_0513,CWNVQRVLGNIL,True
pep_0514,VKDPHTVMMDAC,True
pep_0515,LFYPLHGTMLDS,True
pep_0516,RRSSLCWTCSKG,False
pep_0517,PTRTLLCWAWWQ,False
pep_0518,YCNMDMGDYFKI,True
pep_0519,PTKDLDTSIPRV,True
pep_0520,FMMDQRYQYKCI,True
pep_0521,FVIYEPNYPVYS,False
pep_0522,WECDYRRALNFW,True
pep_0523,EDYMLKDYKQWA,False
pep_0524,TGIYLMYDRRAN,True
pep_0525,TKHLFWARMCFQ,True
pep_0526,TEFSGRDNRGPK,False
pep_0527,FGNTPALQGISG,False
pep_0528,PCWKYLTIGAMR,True
pep_0529,VASVNDFAVLFQ,False
pep_0530,QKMEQDRKIIIL,True
pep_0531,TCQQYKNIEFAA,True
pep_0532,LQEPQLPAKDMR,False
pep_0533,QIEAKLHYIVDN,True
pep_0534,DMKVALNQEKCF,False
pep_0535,HRDPSNHLSCWT,True
pep_0536,GFPMGFGSYMCC,False
pep_0537,IILNCSFEHHFC,True
pep_0538,VKHWPDFACQPT,True
pep_0539,QYGRKWAYEHYI,False
pep_0540,HEWWPYKYYLIV,False
pep_0541,NRSGFAIHAFWQ,False
pep_0542,CWPFMCSLFHQE,True
pep_0543,PPGRINHIHVRL,True
pep_0544,VKWQLLLHPCKN,False
pep_0545,YPVRCHHKCRWC,False
pep_0546,MIITLINWLSSD,False
pep_0547,CDSPDIKHIFKK,True
pep_0548,PFTLFFGISKMW,True
pep_0549,TIKQMYKHASPA,False
pep_0550,FYPQTESNQLQT,False
pep_0551,WRPCFDSANRHF,False
pep_0552,HMYHKMVEAIQG,False
pep_0553,DSWYPKQVSRGH,False
pep_0554,KSKHRPWWGQCM,False
pep_0555,GKNLRHYPTDYR,False
pep_0556,DMPSMIQNTMLS,True
pep_0557,YWDMGRDYKASS,False
pep_0558,CWEMHEGLDWGL,True
pep_0559,FNHHHSHTLMTY,True
pep_0560,WVEFLPYPASGA,True
pep_0561,YHTIMTWLQQCK,False
pep_0562,LMASHWQRGERY,False
pep_0563,KRDLHHFFCSTG,False
pep_0564,YYFDRMKHSEFI,True
pep_0565,RVADILGRITEA,True
pep_0566,EDATVSLHQDYT,False
pep_0567,IIIMVRLAIVPN,False
pep_0568,DWMNYAFDAIMA,True
pep_0569,YNSIPARKDIFV,False
pep_0570,FDVDCWGQIFTP,False
pep_0571,SIMEMYRHGYTS,False
pep_0572,CTKWQTWGMMMA,False
pep_0573,VEKLSETFKHQV,True
pep_0574,SALQDNRACVYG,True
pep_0575,AGKYGGGQRFDM,False
pep_0576,RAKFQPNVYGFK,False
pep_0577,TPLADDKDLFDN,True
pep_0578,IFTFACNETIHG,True
pep_0579,RQVRAKVPVHLQ,False
pep_0580,KYGSTHLPPMII,False
pep_0581,TGHTCMCGDCLY,True
pep_0582,MGYGYAGCRAPT,False
pep_0583,CCSILVGDWELE,True
pep_0584,NTTHHEQQYQET,False
pep_0585,RRLGSWDYHHDW,False
pep_0586,VTVTACFSKFYF,False
pep_0587,SPQELYRPYSYD,True
pep_0588,QDVMNLYEIYFE,True
pep_0589,MPEHRCQEIEPL,False
pep_0590,QCEIKWGNVVTF,True
pep_0591,RGFPHCTVDIVK,True
pep_0592,KCMGHAWYKLAA,True
pep_0593,EYNYNMDWMRGR,False
pep_0594,HLAGASIPEFSK,True
pep_0595,VHIPPAANNATC,True
pep_0596,RPLQYTLVTHNH,True
pep_0597,VVLYLMQENVFI,True
pep_0598,IWEWWDHPYWTP,False
pep_0599,PCSCFIINWQWV,False
pep_0600,WGPDKIVEQICM,False
pep_0601,LVWHAQKSTEFV,True
pep_0602,QQTDCVWLFHWT,True
pep_0603,WHFEHFDMSVGT,True
pep_0604,SDKQEKSEGPGE,False
pep_0605,CNLSIAANQLPA,True
pep_0606,FEWANKIQKPWD,False
pep_0607,QPLAESPYQTDW,True
pep_0608,GDAVSCTRCDEK,False
pep_0609,ADHDTRNDCSDC,False
pep_0610,FKCAPFSIDSSP,True
pep_0611,PKQLLSCIYLET,True
pep_0612,VHPCFVNHRQSI,True
pep_0613,AFIEDNRAFDQS,False
pep_0614,SWFSKCEMTLEH,False
pep_0615,HRWDTFFKVVYI,False
pep_0616,CVQDYWHPFAQT,True
pep_0617,HRMYILHSQVES,True
pep_0618,ARKVEMREGLMS,True
pep_0619,HSDTQWYSNHFH,False
pep_0620,ICEWPWTVMEIT,True
pep_0621,QPYKVMQNGCLG,False
pep_0622,WKKHWICRYMRP,False
pep_0623,HCKWHNNVDPWF,True
pep_0624,GGNIEIHFEAVS,True
pep_0625,FAKYRPRTPLTG,True
pep_0626,PPTIHTHWNRQV,False
pep_0627,NRKRHRMMWIRH,False
pep_0628,VMRNDDAMNPWL,True
pep_0629,ALEDEEHRQDEL,False
pep_0630,VMCYDPLAKLAR,True
pep_0631,AGMDGAMICTWT,False
pep_0632,KNGNFPKNLRTY,True
pep_0633,YYDVGKRVICEN,True
pep_0634,MWVLQHEPHFTK,True
pep_0635,IAHVGETTKPPC,True
pep_0636,LTWALPEGYQWA,False
pep_0637,YFIKMWKAIQNC,True
pep_0638,QLQTGGMHEVPY,False
pep_0639,HVAICGAQVECK,True
pep_0640,GIIQLRKATKWV,False
pep_0641,AHMSMHQEWGMS,False
pep_0642,CELRLAVACSHA,False
pep_0643,LTVNMQYVRFCT,True
pep_0644,ARHNMCRIPGNL,False
pep_0645,CCSTKVLVDKTG,True
pep_0646,QYAMALTHRNEE,True
pep_0647,RHRVYYKMVPLG,True
pep_0648,QENWELMACQWG,True
pep_0649,GEGKRPICWLSG,False
pep_0650,MNRMGWMEAEII,False
pep_0651,VPEESFIQIWNQ,False
pep_0652,FLQLPANSLIEL,False
pep_0653,HEKPSMHINYGS,False
pep_0654,DQQHWCEKEKQI,False
pep_0655,YFHKFFNAQLEE,True
pep_0656,YEQTPCKDHLFS,False
pep_0657,VPPGKEAQEVGW,True
pep_0658,YTWDSIAYCMAN,True
pep_0659,FEERTPGGQFIS,True
pep_0660,EKLMLDEKQPSS,False
pep_0661,FVFLKLAYCKEV,False
pep_0662,MNIADMGLCPEN,False
pep_0663,WMDPDPSQRQPQ,False
pep_0664,VYKYYIGMFPQL,True
pep_0665,VVSVFMRWMFNT,True
pep_0666,NPTLQAPKAFPW,False
pep_0667,PHRRCEREPVLT,False
pep_0668,ERVGDICHYKER,True
pep_0669,AQPTMQNLDTMT,False
pep_0670,HFMNWRRSEWWE,True
pep_0671,CLGQSDSCEPYE,False
pep_0672,ALGWLPFVRPQW,False
pep_0673,WYCESAHFVIEW,False
pep_0674,GNQDPFTDAPRA,False
pep_0675,MASSWPIQIENM,False
pep_0676,HITLVLDPEPPC,True
pep_0677,IMVNVRRYSVGP,True
pep_0678,GMIEGRLIHKIA,False
pep_0679,WYCKNYTYLAET,False
pep_0680,FHCELQKKTAQG,True
pep_0681,RAFPKCPDNHEV,False
pep_0682,PEICVLVDQAYV,False
pep_0683,IPCWMQVYIGGL,True
pep_0684,LMNPEVGTTNTE,True
pep_0685,HVETFGVVEKQF,False
pep_0686,MCIHIHSADNPV,False
pep_0687,SQLKGYVIKQPV,False
pep_0688,LIAPINREDGCG,False
pep_0689,KFAINDFVNYWH,False
pep_0690,KYLFIGRGKVVE,True
pep_0691,FDPGIDYCPAHF,True
pep_0692,NERFMMWYGSQD,True
pep_0693,LCPQSHFVDQFV,False
pep_0694,EFVISDFSTMLI,True
pep_0695,CAGIMRHGWMRF,False
pep_0696,LIQGAVMEADCF,True
pep_0697,GWHSEQKRWDDA,True
pep_0698,FQHWPFDCLREP,False
pep_0699,TTGQYCHLHYAP,False
pep_0700,RNTPTSLRKWTG,True
pep_0701,ATMGCYCGLPFP,True
pep_0702,HLFIQDPSYHNF,True
pep_0703,NMCFCPFAWTGM,False
pep_0704,IHMLMFQYSHEG,False
pep_0705,IDGEEPLSLVLN,True
pep_0706,VTQSAFYQDFPG,True
pep_0707,GINEIYKFQEMW,True
pep_0708,CGFCIHGGCINS,True
pep_0709,LPLMDRHYDMKE,True
pep_0710,AFRHHTGKPPSM,False
pep_0711,HWSMRECIYLYW,True
pep_0712,VPHGSHDHVNFE,False
pep_0713,DNFGGQWNGTRY,False
pep_0714,DMSNQSVQISKH,False
pep_0715,YGHANEGDIWAC,True
pep_0716,RLVEIWFWTTVE,True
pep_0717,LHNEWRHYYNKM,False
pep_0718,SEFLWAGSCDWI,False
pep_0719,ETAYRRRNMERW,False
pep_0720,VYCDLGHPPLGQ,True
pep_0721,YKVSFVDHGSYI,True
pep_0722,EWAHDEINPPQG,True
pep_0723,WMKIAFPRGCLY,True
pep_0724,IYYWLMSIWMSV,False
pep_0725,VTAWGALLHEQG,False
pep_0726,RMPPDNKTHQWH,True
pep_0727,YELGARMEPHLT,False
pep_0728,GMWIDLGEYKWY,False
pep_0729,KQSAYVKKHSCF,False
pep_0730,IVVKFYESWNTA,True
pep_0731,CQSQQRMGFKQV,True
pep_0732,CDECGLRTIDHF,False
pep_0733,CPGIERDLKLWM,False
pep_0734,RTRKKKDTVQGI,True
pep_0735,KWVQHKDQKMRF,True
pep_0736,RDQQWQPWNGKC,False
pep_0737,ISHNYAPRLWKS,False
pep_0738,GAICMGKLRPQV,True
pep_0739,MQNNHFHCGQVG,False
pep_0740,YYGVSLGMPNWR,True
pep_0741,HVAHYIACCNQH,False
pep_0742,YMHGEPGVFADV,True
pep_0743,KNLLPLTVKSVM,False
pep_0744,MKLATSWGGKCN,False
pep_0745,HCHMSLVAQLEW,True
pep_0746,TQAYEAPTDRPE,True
pep_0747,CMEATWSYQQEL,False
pep_0748,HVMEADLNSHQH,True
pep_0749,YQHFLNFKKVFH,False
pep_0750,GHHNYKCQFACA,True
pep_0751,ERGQFGTWDKRR,False
pep_0752,FRWCLPRFEHNV,False
pep_0753,KCKMIPAMLPVY,False
pep_0754,VKAPVKKNTDWM,False
pep_0755,YDPTMKNGQIYG,True
pep_0756,GKWKEARCGYVY,True
pep_0757,KWAGYTHIQQET,False
pep_0758,KCINHLVNRWPH,True
pep_0759,KMLNWGQIDNHC,False
pep_0760,SKRYPTMPNYPM,True
pep_0761,TSTSDQGFWMCP,False
pep_0762,TRDKPFWVPRNW,True
pep_0763,HWIDNYKWDERW,False
pep_0764,PFPKTDERVADE,True
pep_0765,PIGQWEKLSQEH,False
pep_0766,PHEVEKCQPLGH,True
pep_0767,FKRAAWCTWTYW,True
pep_0768,APDETKILCPCD,False
pep_0769,YQKRELNWKKEI,True
pep_0770,WQHTCYNGIVFF,True
pep_0771,DSLTGACNEMWI,True
pep_0772,PLSTKFQQMANM,True
pep_0773,MKTDRWIDCFWD,True
pep_0774,EAQDYFDWRQMT,False
pep_0775,WERRMLNQEAVE,True
pep_0776,AEDIAWWLNFGY,True
pep_0777,YEDEKEPCPKCL,True
pep_0778,LPGAYFWMAPEE,True
pep_0779,MEWTSWVSPILY,True
pep_0780,SEHMQFRRAYVI,False
pep_0781,SRHEWSAAMWQA,False
pep_0782,SHEEYWCFQDAG,False
pep_0783,LPVWDSPMTSSR,True
pep_0784,VYWINTSSWMWA,False
pep_0785,QDLRIEQCCFDC,False
pep_0786,HLMHCMLTATLI,False
pep_0787,QFVPPYMDLNTP,True
pep_0788,FTGYCPRKKTCG,False
pep_0789,MHTSGGMKHEQG,True
pep_0790,WRDYVFRSNHQS,True
pep_0791,DCNWHDEHESDC,True
pep_0792,TAWGKNRQDPDK,False
pep_0793,ENQARWEVIMCW,False
pep_0794,YISVKELARACV,False
pep_0795,CCRSKSKAKSWN,True
pep_0796,QICKKDFQIAHT,False
pep_0797,GTKSNCKSIYFM,True
pep_0798,VWWCGDWVYWWT,True
pep_0799,HNWSSYAMWYMS,False
